Workbook

Sheet Catálogo Subcategorías
A1: ID | B1: Categoría / Familia | C1: Subcategoría | D1: Copy comercial de Subcategoría (2 a 3 líneas) | E1: Estado | F1: Usar
A2: 1 | B2: Acero inoxidable | C2: Chapas de acero inoxidable | D2: Superficies de alta resistencia a la corrosión y máxima higiene, ideales para fabricar mesadas gastronómicas, tanques, revestimientos de cocinas y equipamiento médico o alimenticio. Las eligen metalúrgicas, fabricantes de equipamiento comercial, arquitectos y particulares que buscan durabilidad con una terminación impecable. | E2: Listo | F2: No
A3: 2 | B3: Acero inoxidable | C3: Caños de acero inoxidable | D3: Conductos y tubos diseñados para soportar ambientes húmedos, intemperie o el paso de fluidos sin oxidarse, muy utilizados en barandas modernas, pasamanos, escapes e instalaciones sanitarias o alimenticias. Son requeridos por herreros de obra fina, industrias lácteas o frigoríficas y constructores. | E3: Listo | F3: No
A4: 3 | B4: Acero inoxidable | C4: Acero inoxidable: varios | D4: Línea de accesorios, barras, planchuelas y elementos de fijación o unión en acero inoxidable que garantizan un armado íntegro sin riesgo de oxidación en ningún punto del proyecto. Ideales para torneros, montajistas industriales y herreros que necesitan terminaciones limpias y resistentes al exterior. | E4: Listo | F4: No
A5: 4 | B5: Aislantes | C5: Complementos para aislantes | D5: Cintas aluminizadas de sellado, redes plásticas de sostén y accesorios indispensables para instalar membranas y mantas aislantes de forma prolija, firme y sin puentes térmicos. Los compran techistas, galponeros y particulares para asegurar que la aislación del techo funcione al 100% y no filtre humedad. | E5: Listo | F5: No
A6: 5 | B6: Aislantes | C6: Lana de Vidrio | D6: Manta aislante térmica y acústica de gran eficiencia que mantiene los ambientes frescos en verano y cálidos en invierno, además de amortiguar el ruido de la lluvia sobre el techo y mejorar la acústica en tabiques de construcción en seco. Evita el goteo por condensación debajo de las chapas. Es muy buscada por constructores, instaladores de Durlock, techistas y familias para su obra. | E6: Listo | F6: Si
A7: 6 | B7: Aislantes | C7: Espuma de Polietileno | D7: Aislante térmico e hidrófugo liviano, flexible e impermeable -disponible con revestimiento de aluminio puro- que frena el calor radiante del sol y evita el goteo por condensación debajo de las chapas. Ideal para techistas, armadores de galpones y propietarios que techan viviendas o quinchos. | E7: Listo | F7: Si
A8: 7 | B8: Alambres y clavos | C8: Alambres | D8: Alambres dulces recocidos y galvanizados de gran maleabilidad y resistencia, fundamentales en cualquier obra para el atado de armaduras de hierro, sujeción de encofrados, fardos y usos generales en el hogar o taller. Son un insumo diario para albañiles, contratistas, herreros y ferreteros. | E8: Listo | F8: Si
A9: 8 | B9: Alambres y clavos | C9: Alambres Rurales | D9: Alambres de alta y mediana resistencia —lisos y de púas— diseñados especialmente para soportar la tensión y el clima extremo en el armado de alambrados perimetrales y divisores de potreros. Los eligen productores agropecuarios, alambradores profesionales y propietarios de lotes o quintas. | E9: Listo | F9: Si
A10: 9 | B10: Alambres y clavos | C10: Clavos | D10: Los clavos son elementos clásicos de fijación en acero -lisos, espiralados o especiales para techo— pensados para asegurar maderas, tiranterías, cajones y estructuras de encofrado con firmeza. Imprescindibles para carpinteros de obra, techistas, albañiles y cualquier proyecto doméstico. | E10: Listo | F10: Si
A11: 10 | B11: Alambres y clavos | C11: Accesorios para alambrados | D11: Torniquetes, tensores, varillas, ganchos y complementos necesarios para dar tensión, firmeza y larga vida útil a los cercos rurales y perimetrales. Son adquiridos por alambradores, productores rurales y empresas constructoras que realizan cerramientos de predios y barrios abiertos. | E11: Listo | F11: Si
A12: 11 | B12: Aluminios | C12: Complementos para perfilería de aluminio | D12: Escuadras, burletes, felpas, cierres, rodamientos y accesorios específicos para el armado y sellado hermético de ventanas, puertas y cerramientos de aluminio. Pensados especialmente para carpinteros de aluminio, instaladores de aberturas y personal de mantenimiento edilicio. | E12: Listo | F12: No
A13: 12 | B13: Aluminios | C13: Chapas de Aluminio | D13: Láminas livianas, maleables e inoxidables —lisas o labradas antideslizantes— que se utilizan en revestimientos, pisos de casillas rodantes, furgones térmicos, cartelería y zinguería especial. Las compran carroceros, fabricantes de equipamiento gastronómico, publicistas y metalúrgicas. | E13: Listo | F13: No
... A87: 86 | B87: Tubos sin costura | C87: Tubos sin costura | D87: Laminados en caliente a partir de una palanquilla maciza de acero, no tienen uniones soldadas, estos tubos soportan presiones extremas, altas temperaturas y grandes esfuerzos mecánicos en cilindros hidráulicos, calderas, industria petrolera o gasífera, bujes pesados y ejes industriales. Los compran industrias, talleres hidráulicos, tornerías y empresas de ingenieria. | E87: Listo | F87: Si

Sheet Copys por Categoría y Resumen
A1: DOMISSI HERMANOS SRL — COPYS DE CATEGORÍAS PRINCIPALES (FAMILIAS)
A2: Resumen de las 20 familias de productos, copy general de presentación de cada categoría y cantidad de subcategorías asociadas.
A4: N° | B4: Categoría / Familia | C4: Copy comercial de Categoría (Bajada general) | D4: Cant. Subcategorías | E4: Longitud (Caract.)
A5: 1 | B5: Acero inoxidable | C5: Soluciones en acero inoxidable de máxima durabilidad, higiene y resistencia a la corrosión, ideales para la industria alimenticia, gastronómica, química y proyectos arquitectónicos de alta exigencia estética. | D5: =COUNTIF('Catálogo Subcategorías'!$B$2:$B$87, B5) -> 3 | E5: =LEN(C5) -> 208
A6: 2 | B6: Aislantes | C6: Materiales de aislación térmica, acústica e hidrófuga diseñados para proteger techos, galpones y viviendas, mejorando el confort interior y reduciendo el consumo de energía durante todo el año. | D6: =COUNTIF('Catálogo Subcategorías'!$B$2:$B$87, B6) -> 3 | E6: =LEN(C6) -> 193
A7: 3 | B7: Alambres y clavos | C7: Insumos básicos de sujeción, atado y cerramiento con la resistencia necesaria para el trabajo diario en obras de construcción, el agro, la industria y el taller. | D7: =COUNTIF('Catálogo Subcategorías'!$B$2:$B$87, B7) -> 4 | E7: =LEN(C7) -> 161
A8: 4 | B8: Aluminios | C8: Perfiles, chapas, caños y barras de aluminio que combinan máxima ligereza, excelente terminación superficial y resistencia natural a la oxidación para aberturas, carrocerías y proyectos de diseño. | D8: =COUNTIF('Catálogo Subcategorías'!$B$2:$B$87, B8) -> 5 | E8: =LEN(C8) -> 196
A9: 5 | B9: Ángulos, planchuelas y perfiles T/U | C9: La línea más versátil de hierros laminados para herrería, estructuras metálicas, agroindustria y mantenimiento, disponibles en múltiples medidas para adaptarse a cada corte y soldadura. | D9: =COUNTIF('Catálogo Subcategorías'!$B$2:$B$87, B9) -> 6 | E9: =LEN(C9) -> 185
A10: 6 | B10: Caños | C10: Tubos de acero redondos, cuadrados y rectangulares pensados para resolver desde estructuras livianas y herrería moderna hasta conducciones de fluidos y grandes obras de ingeniería. | D10: =COUNTIF('Catálogo Subcategorías'!$B$2:$B$87, B10) -> 4 | E10: =LEN(C10) -> 180
A11: 7 | B11: Chapas conformadas | C11: Chapas acanaladas y trapezoidales listas para montar en techos y cerramientos laterales de viviendas, galpones comerciales e instalaciones industriales, con máxima protección climática. | D11: =COUNTIF('Catálogo Subcategorías'!$B$2:$B$87, B11) -> 3 | E11: =LEN(C11) -> 185
A12: 8 | B12: Chapas lisas | C12: Hojas y cortes de chapa plana en distintos espesores y acabados para plegado, estampado, herrería, zinguería, carrocería y fabricación metalúrgica en general. | D12: =COUNTIF('Catálogo Subcategorías'!$B$2:$B$87, B12) -> 6 | E12: =LEN(C12) -> 158
A13: 9 | B13: Complementos de herrería | C13: Todos los componentes mecánicos, decorativos y funcionales para que herreros y particulares armen portones, puertas, rejas y cerramientos seguros y con excelente terminación. | D13: =COUNTIF('Catálogo Subcategorías'!$B$2:$B$87, B13) -> 4 | E13: =LEN(C13) -> 174
A14: 10 | B14: Complementos para chapas de techo | C14: Soluciones de terminación, desagüe, ventilación y sellado para lograr techos de chapa 100% herméticos, prolijos y funcionales tanto en hogares como en naves industriales. | D14: =COUNTIF('Catálogo Subcategorías'!$B$2:$B$87, B14) -> 4 | E14: =LEN(C14) -> 170
A15: 11 | B15: Ferretería | C15: Insumos consumibles, abrasivos, elementos de protección, herramientas de medición y accesorios industriales para acompañar cada etapa del trabajo en obra y en el taller metalúrgico. | D15: =COUNTIF('Catálogo Subcategorías'!$B$2:$B$87, B15) -> 14 | E15: =LEN(C15) -> 181
A16: 12 | B16: Hierros y mallas de construcción | C16: El corazón estructural de toda obra civil: barras y mallas de acero certificadas para el armado de hormigón en cimientos, columnas, vigas, losas y pavimentos. | D16: =COUNTIF('Catálogo Subcategorías'!$B$2:$B$87, B16) -> 4 | E16: =LEN(C16) -> 158
... A24: 20 | B24: Tubos sin costura | C24: Caños de acero macizo perforado en caliente sin ningún tipo de soldadura longitudinal, diseñados para las máximas exigencias de presión, temperatura y esfuerzo mecánico. | D24: =COUNTIF('Catálogo Subcategorías'!$B$2:$B$87, B24) -> 1 | E24: =LEN(C24) -> 169
A25: TOTAL | B25: =COUNTA(B5:B24) -> 20 | C25: Total de subcategorías y promedio de caracteres por familia: | D25: =SUM(D5:D24) -> 86 | E25: =AVERAGE(E5:E24) -> 175
